Material Name,Symbol,Category,Molecular Weight (g/mol),Overall t_min (K),Overall t_max (K),Phases,Shomate Intervals,Max Fit Error Across Intervals (%),Reference Code,Source / Notes
Silver,Ag,Metals and alloys,107.8682,200,6000,"L, cr",2,1.977,coda89,"Cubic. Ref-Elm. Cox,1989 p228."
Aluminium,AL,Metals and alloys,26.9815,200,6000,"L, cr",2,1.996,coda89,"Cubic. Ref-Elm. Cox,1989 p217."
ALBr3,ALBr3,Other technologically relevant materials,266.6935,200,6000,"L, cr",2,0.274,tpis96,"Monoclinic. Gurvich,1996a pt1 p187 pt2 p150."
ALCL3,ALCL3,Other technologically relevant materials,133.3405,200,6000,"L, cr",2,0.554,tpis96,"Monoclinic. Gurvich,1996a pt1 p172 pt2 p133."
ALF3,ALF3,Other technologically relevant materials,83.9767,100,2100,"I, II",3,0.065,tpis96,"Hexagonal. Gurvich,1996a pt1 p156 pt2 p119."
ALH3,ALH3,Other technologically relevant materials,30.0054,200,500,a,1,2.379,tpis96,"Alpha,hexagonal. Gurvich,1996a pt1 p144 pt2 p108."
ALI3,ALI3,Other technologically relevant materials,407.6949,298.15,6000,"L, cr",2,0.001,tpis96,"Hexagonal. Gurvich,1996a pt1 p193 pt2 p155."
ALN,ALN,Refractories,40.9882,100,6000,"L, cr",5,3.53,tpis96,"Hexagonal. Gurvich,1996a pt1 p202 pt2 p163."
AL(OH)3,AL(OH)3,Other technologically relevant materials,78.0036,100,500,a,2,0.92,tpis96,"Gibbsite. Gurvich,1996a pt1 p150 pt2 p114."
AL2O3,AL2O3,Refractories,101.9613,200,6000,"L, a",4,0.39,tpis96,"Alpha,corundum. Gurvich,1996a pt1 p134 pt2 p103."
AL2S3,AL2S3,Other technologically relevant materials,150.1581,100,6000,"L, a, b",4,1.709,tpis96,"Hexagonal alpha. Gurvich,1996a pt1 p201 pt2 p162."
AL2SiO5,AL2SiO5,Refractories,162.0456,200,3000,an,3,0.158,j,"Andalusite. Chase,1998 p160."
AL4C3,AL4C3,Refractories,143.9583,100,2500,cr,4,1.279,tpis96,"Hexagonal. Gurvich,1996a pt1 p207 pt2 p168."
Boron,B,Semiconductors,10.811,200,6000,"L, b",3,1.497,j,"Beta. Ref-Elm. Chase,1998 p177-180. McBride,1993a."
BN,BN,Refractories,24.8177,200,6000,"L, cr",5,3.978,tpis96,"Hexagonal. Gurvich,1996a pt1 p103 pt2 p82."
B2O3,B2O3,Ceramics,69.6202,100,6000,"L, cr",2,2.493,tpis96,"Hexagonal. Gurvich,1996a pt1 p21 pt2 p16."
B2S3,B2S3,Ceramics,117.817,298.15,6000,"L, cr",2,0.281,tpis96,"Monoclinic. Gurvich,1996a pt1 p101 pt2 p80."
B3O3H3,B3O3H3,Ceramics,83.455,298.15,2000,cr,3,0.378,j,"Chase,1998 p287."
B4C,B4C,Refractories,55.2547,200,6000,"L, cr",5,3.263,tpis96,"Hexagonal. Gurvich,1996a pt1 p111 pt2 p89"
Barium,Ba,Metals and alloys,137.327,80,6000,"L, cr",3,0.462,srd,"Crystal. Ref-Elm. Alcock,1993."
BaBr2,BaBr2,Other technologically relevant materials,297.135,298,6000,"L, cr",2,0.074,tpis96,"Rhombic. Gurvich,1996a pt1 p578 pt2 p438."
BaCO3,BaCO3,Other technologically relevant materials,197.3359,200,6000,"L, a, b, c",5,1.601,tpis96,"CrIII,rhombic. Gurvich,1996a pt1 p588 pt2 p446."
BaCL2,BaCL2,Other technologically relevant materials,208.233,100,6000,"L, a, b",4,2.681,tpis96,"CrII,rhombic. Gurvich,1996a pt1 p574 pt2 p435."
BaF2,BaF2,Other technologically relevant materials,175.3238,100,6000,"L, a, b, c",6,0.401,tpis96,"CrIII,cubic. Gurvich,1996a pt1 p567 pt2 p431."
BaH2,BaH2,Other technologically relevant materials,139.3429,298.15,6000,"L, a, b",3,0,tpis96,"CrII,rhombic Gurvich,1996a pt1 p556 pt2 p424."
BaI2,BaI2,Other technologically relevant materials,391.1359,100,6000,"L, cr",3,1.094,tpis96,"Rhombic. Gurvich,1996a pt1 p582 pt2 p441."
BaO,BaO,Other technologically relevant materials,153.3264,200,6000,"L, cr",4,0.381,tpis96,"Cubic Gurvich,1996a pt1 p547 pt2 p418."
Ba(OH)2,Ba(OH)2,Other technologically relevant materials,171.3417,100,6000,"L, a, b",3,3.053,tpis96,"CrII,rhombic Gurvich,1996a pt1 p558 pt2 p427."
BaS,BaS,Other technologically relevant materials,169.392,200,6000,"L, cr",3,0.172,tpis96,"Cubic. Gurvich,1996a pt1 p584 pt2 p443."
BaSO4,BaSO4,Other technologically relevant materials,233.3896,200,6000,"L, a, b",4,1.041,tpis96,"CrII,rhombic. Gurvich,1996a pt1 p587 pt2 p445."
Beryllium,Be,Metals and alloys,9.0122,100,6000,"L, a, b",6,1.877,srd,"Alpha. Ref-Elm. Alcock,1993."
BeAL2O4,BeAL2O4,Refractories,126.9729,200,6000,"L, cr",4,0.195,j12/79,"Chase,1998 pp139-41."
BeBr2,BeBr2,Other technologically relevant materials,168.8202,298.15,6000,"L, cr",2,0.492,tpis96,"Cr,rhombic. Gurvich,1996a pt1 p376 pt2 p301."
BeCO3,BeCO3,Other technologically relevant materials,69.0211,298,6000,cr,4,3.165,tpis96,"Gurvich,1996a pt1 p385 pt2 p310."
BeCL2,BeCL2,Other technologically relevant materials,79.9182,200,6000,"L, a, b",3,0.404,tpis96,"Cr,rhombic. Gurvich,1996a pt1 p370 pt2 p296."
BeF2,BeF2,Other technologically relevant materials,47.009,200,6000,"L, a, b",4,2.75,tpis96,"CrII,hexagonal.Gurvich,1996a pt1 p364 pt2 p292."
BeI2,BeI2,Other technologically relevant materials,262.8211,298.15,6000,"L, cr",2,0.493,tpis96,"Cr,rhombic. Gurvich,1996a pt1 p379 pt2 p304."
BeO,BeO,Refractories,25.0116,200,6000,"L, a, b",4,2.346,tpis96,"CrII,hexagonal. Gurvich,1996a pt1 p348 pt2 p278."
Be(OH)2,Be(OH)2,Other technologically relevant materials,43.0269,200,6000,b,3,3.154,tpis96,"Rhombic,beta.Gurvich,1996a pt1 p359 pt2 p289."
BeS,BeS,Other technologically relevant materials,41.0772,298,6000,cr,4,1.74,tpis96,"Cr,cubic. Gurvich,1996a pt1 p381 pt2 p306."
BeSO4,BeSO4,Other technologically relevant materials,105.0748,200,6000,"L, a, b, c",4,1.909,tpis96,"CrIII,tetr. Gurvich,1996a pt1 p383 pt2 p308."
Be2C,Be2C,Ceramics,30.0351,298.15,6000,"L, cr",2,0,bar,"Barin,1989. Barin,1973."
Be3N2,Be3N2,Ceramics,55.0499,200,6000,"L, a, b",4,1.396,tpis96,"CrII,cubic. Gurvich,1996a pt1 p384 pt2 p309."
Br2,Br2,Other technologically relevant materials,159.808,200,6000,"L, cr",3,0.022,g,"Rhombic. Gurvich,1989 pt2 p314. Chase,1998 p471 (6/82)."
Carbon,C,Other technologically relevant materials,12.0107,200,6000,gr,3,1.242,n,"Graphite. Ref-Elm. TRC(4/83) vc,uc,tc1000-1002."
Calcium,Ca,Metals and alloys,40.078,200,6000,"L, a, b",4,0.067,srd,"Alpha. Ref-Elm. Alcock,1993."
CaBr2,CaBr2,Other technologically relevant materials,199.886,298.15,6000,"L, cr",2,0.212,tpis96,"Rhombic Gurvich,1996a pt1 p473 pt2 p368."
CaCO3,CaCO3,Other technologically relevant materials,100.0869,200,6000,"L, cr",3,0.992,tpis96,"Hexagonal Gurvich,1996a pt1 p483 pt2 p376."
CaCL2,CaCL2,Other technologically relevant materials,110.984,100,6000,"L, cr",3,3.131,tpis96,"Rhombic. Gurvich,1996a pt1 p467 pt2 p365."
CaF2,CaF2,Other technologically relevant materials,78.0748,200,6000,"L, a, b",6,1.749,tpis96,"CrII,cubic.Gurvich,1996a pt1 p461 pt2 p361."
CaH2,CaH2,Other technologically relevant materials,42.0939,298.15,6000,"L, a, b",3,0,tpis96,"CrII,rhombic Gurvich,1996a pt1 p449 pt2 p354."
CaI2,CaI2,Other technologically relevant materials,293.8869,200,6000,"L, cr",3,0.817,tpis96,"Hexagonal Gurvich,1996a pt1 p476 pt2 p371."
CaO,CaO,Refractories,56.0774,200,6000,"L, cr",3,1.855,tpis96,"Cubic Gurvich,1996a pt1 p442 pt2 p348."
Ca(OH)2,Ca(OH)2,Other technologically relevant materials,74.0927,100,6000,"L, cr",3,1.346,tpis96,"Hexagonal Gurvich,1996a pt1 p454 pt2 p357."
CaS,CaS,Other technologically relevant materials,72.143,200,6000,"L, cr",3,0.732,tpis96,"Cubic Gurvich,1996a pt1 p478 pt2 p373."
CaSO4,CaSO4,Other technologically relevant materials,136.1406,200,6000,"I, II, L",4,0.714,tpis96,"Rhombic Gurvich,1996a pt1 p481 pt2 p375."
Cadmium,Cd,Metals and alloys,112.411,100,6000,"L, cr",4,2.416,coda89,"Crystal. Ref-Elm. Cox,1989 p223."
Cobalt,Co,Metals and alloys,58.9332,200,6000,"L, a, b",7,1.649,j,"Alpha. Ref-Elm. Chase,1998 pp943-6."
Chromium,Cr,Metals and alloys,51.9961,200,6000,"L, cr",4,0.303,j,"Below lambda trans. Ref-Elm. Chase,1998 pp959-62."
CrN,CrN,Ceramics,66.0028,200,2500,cr,3,0.39,j12/73,"Chase,1998 p966."
Cr2N,Cr2N,Ceramics,117.9989,298.15,2500,cr,3,0.598,j12/73,JPCRD 1998 Mono.9 p971.
Cr2O3,Cr2O3,Refractories,151.9904,200,6000,"I, I', L",6,2.65,tpis82,"Hexagonal. Gurvich,1982 pt1 p18 pt2 p22."
Cesium,Cs,Metals and alloys,132.9055,100,2000,"L, cr",3,1.338,coda89,"Crystal. Ref-Elm. Cox,1989 p263."
CsBO2,CsBO2,Ceramics,175.7152,200,6000,"L, cr",3,2.687,tpis82,"Cubic. Gurvich,1982 pt1 p504 pt2 p525."
CsBr,CsBr,Other technologically relevant materials,212.8094,200,6000,"L, cr",3,0.082,tpis82,"Cubic. Gurvich,1982 pt1 p488 pt2 p511."
CsCL,CsCL,Other technologically relevant materials,168.3585,200,6000,"L, a, b",4,0.167,tpis82,"Cubic. Gurvich,1982 pt1 p485 pt2 p508."
CsF,CsF,Other technologically relevant materials,151.9039,200,6000,"L, cr",3,0.818,tpis82,"Cubic. Gurvich,1982 pt1 p481 pt2 p505."
CsH,CsH,Other technologically relevant materials,133.9134,298.15,6000,"L, cr",2,0.356,tpis82,"Cubic. Gurvich,1982 pt1 p476 pt2 p500."
CsI,CsI,Other technologically relevant materials,259.8099,200,6000,"L, cr",3,0.287,tpis82,"Cubic. Gurvich,1982 pt1 p492 pt2 p514."
CsNO2,CsNO2,Other technologically relevant materials,178.911,298.15,6000,"I, L",2,0,tpis82,"Cubic. Gurvich,1982 pt1 p498 pt2 p519."
CsNO3,CsNO3,Other technologically relevant materials,194.9103,200,6000,"L, a, b",3,0.87,tpis82,"Hexagonal. Gurvich,1982 pt1 p500 pt2 p521."
CsOH,CsOH,Other technologically relevant materials,149.9128,100,6000,"L, b, c",6,1.106,g,"Beta. Gurvich,1997."
CsO2,CsO2,Other technologically relevant materials,164.9042,298.15,6000,"L, a, c",3,0,tpis82,"Tetragonal. Gurvich,1982 pt1 p472 pt2 p494."
Cs2CO3,Cs2CO3,Other technologically relevant materials,325.8198,200,6000,"L, cr",3,0.927,tpis82,"Gurvich,1982 pt1 p502 pt2 p523."
Cs2O,Cs2O,Other technologically relevant materials,281.8103,200,6000,"L, cr",3,0.35,tpis82,"Hexagonal. Gurvich,1982 pt1 p472 pt2 p495."
Cs2O2,Cs2O2,Other technologically relevant materials,297.8097,298.15,6000,"L, cr",2,0,tpis82,"Rhombic Gurvich,1982 pt1 p475 pt2 p498."
Cs2SO4,Cs2SO4,Other technologically relevant materials,361.8735,200,6000,"L, a, b, c",5,0.337,tpis82,"Rhombohedral. Gurvich,1982 pt1 p496 pt2 p517."
Copper,Cu,Metals and alloys,63.546,200,6000,"L, cr",2,2.077,coda89,"Cubic. Ref-Elm.Cox,1989 p226."
CuBr,CuBr,Other technologically relevant materials,143.45,298.15,1500,"L, a, b, c",5,2.032,g10/00,"Alpha. Pankratz,1984 p177."
CuBr2,CuBr2,Other technologically relevant materials,223.354,298.15,800,cr,1,0.087,g10/00,"Crystal. Pankratz,1984 p181."
CuCL,CuCL,Other technologically relevant materials,98.999,298.15,1700,"L, a, b",4,1.208,g10/00,"Alpha. Pankratz,1984 p182."
CuCL2,CuCL2,Other technologically relevant materials,134.452,298.15,6000,"L, cr",2,0.188,g10/00,"Crystal. Pankratz,1984 p185."
CuF,CuF,Other technologically relevant materials,82.5444,298.15,1300,cr,1,0.151,g10/00,"Crystal. Pankratz,1984 p186."
CuF2,CuF2,Other technologically relevant materials,101.5428,298.15,6000,"L, cr",2,0.269,g10/00,"Crystal. Pankratz,1984 p188."
CuI,CuI,Other technologically relevant materials,190.4505,200,1600,"L, a, b, c",7,3.012,g11/00,"King,1973. Pankratz,1984 p190."
CuO,CuO,Ceramics,79.5454,200,1400,cr,2,1.851,g11/00,"Crystal. King,1973 p56."
Cu(OH)2,Cu(OH)2,Other technologically relevant materials,97.5607,298.15,2000,cr,1,0.859,g10/00,"Crystal. King,1973 p62."
CuS,CuS,Other technologically relevant materials,95.611,298.15,717.82,cr,1,0.213,g10/00,"Crystal. Pankratz,1987 p99."
CuSO4,CuSO4,Other technologically relevant materials,159.6086,200,1500,cr,2,1.161,g10/00,"Crystal. King,1973 p68."
Cu2O,Cu2O,Ceramics,143.0914,200,6000,"L, cr",3,0.563,g10/00,"Crystal. King,1973 p60."
Cu2S,Cu2S,Other technologically relevant materials,159.157,298.15,6000,"L, a, b, c",4,0.041,g10/00,"Alpha. Pankratz,1987 p101."
Iron,Fe,Metals and alloys,55.845,200,6000,"L, a, c, d",8,0.89,j,"Alpha. Ref-Elm.Below Lambda trans. Chase,1998 p1221."
Fe(CO)5,Fe(CO)5,Other technologically relevant materials,195.8955,253.1,6000,L,1,0,j,"Liquid. Chase,1998 p697."
FeCL2,FeCL2,Other technologically relevant materials,126.751,200,6000,"L, cr",2,1.384,j12/70,"Crystal. Chase,1998 pp819-21."
FeCL3,FeCL3,Other technologically relevant materials,162.204,200,6000,"L, cr",3,0.034,g12/00,"Pankratz,1984 p228. Stuve,1980."
Fe.947O,Fe.947O,Ceramics,69.0521,298.15,6000,"L, cr",2,2.203,g11/00,"Wustite. Pankratz,1983 p155."
FeOCL,FeOCL,Other technologically relevant materials,107.2974,200,700,cr,2,0.83,g12/00,"Stuve,1980."
Fe(OH)2,Fe(OH)2,Other technologically relevant materials,89.8597,298.15,1500,cr,2,0.062,j,"Crystal. Chase,1998 p1229."
Fe(OH)3,Fe(OH)3,Other technologically relevant materials,106.867,298.15,1500,cr,1,1.122,j,"Crystal. Chase,1998 p1231."
FeS,FeS,Other technologically relevant materials,87.91,200,6000,"L, a, b, c",4,2.697,g11/00,"Alpha. Pankratz,1987. Chase,1998 pp1241-3 9/77."
FeSO4,FeSO4,Other technologically relevant materials,151.9076,200,2000,cr,2,1.33,j,"Chase,1998 p1240."
FeS2,FeS2,Other technologically relevant materials,119.975,200,1400,cr,2,0.769,j,"Pyrite. Chase,1998 p1246."
Fe2O3,Fe2O3,Ceramics,159.6882,298.15,6000,cr,4,2.281,g,"Hematite below Curie pt. Pankratz,1983 p158."
Fe2(SO4)3,Fe2(SO4)3,Other technologically relevant materials,399.8778,298.15,2000,cr,2,0.494,j,"Chase,1998 p1249."
Fe3O4,Fe3O4,Ceramics,231.5326,200,6000,"L, cr",5,0.951,g,"Magnetite. Pankratz,1983 p160. Westrum,1969."
Gallium,Ga,Metals and alloys,69.723,100,6000,"L, cr",3,2.898,tpis96,"Rhombic. Ref-Elm. Gurvich,1996a pt1 p209 pt2 p169."
GaBr3,GaBr3,Other technologically relevant materials,309.435,298.15,6000,"L, cr",2,0,tpis96,"Gurvich,1996a pt1 p242 pt2 p195."
GaCL3,GaCL3,Other technologically relevant materials,176.082,298.15,6000,"L, cr",2,0,tpis96,"Triclinic. Gurvich,1996a pt1 p234 pt2 p188."
GaF3,GaF3,Other technologically relevant materials,126.7182,298.15,2000,cr,1,0,tpis96,"Hexagonal. Gurvich,1996a pt1 p226 pt2 p181."
Ga2O3,Ga2O3,Ceramics,187.4442,200,6000,"L, cr",3,2.677,tpis96,"Monoclinic. Gurvich,1996a pt1 p219 pt2 p176."
Germanium,Ge,Semiconductors,72.64,200,6000,"L, cr",3,0.64,tpis91,"Cubic. Ref-Elm. Gurvich,1991 pt1 p308 pt2 p268."
GeO2,GeO2,Ceramics,104.6388,100,6000,"I, II, L",5,3.509,tpis91,"Tetragonal Rutile, Gurvich,1991 pt1 p319 pt2 p275."
GeS,GeS,Other technologically relevant materials,104.705,100,6000,"L, cr",3,2.089,tpis91,"Crystal(II). Gurvich,1991 pt1 p342 pt2 p296."
GeS2,GeS2,Other technologically relevant materials,136.77,100,6000,"II, L",3,2.186,tpis91,"Crystal II. Gurvich,1991 pt1 p345 pt2 p298."
HBO2,HBO2,Ceramics,43.8177,298.15,6000,"L, cr",2,0,tpis96,"Crystal,metaboric acid. Gurvich,1996a pt1 p41 pt2 p25."
H2O,H2O,Other technologically relevant materials,18.0153,200,600,"L, cr",3,2.811,g11/99,"Ice. Gordon,1982."
H2SO4,H2SO4,Other technologically relevant materials,98.0785,283.46,1000,L,1,0.041,j,"Chase,1998 p1335."
H3BO3,H3BO3,Ceramics,61.833,200,6000,"L, cr",2,3.269,tpis96,"Triclinic,orthoboric acid. Gurvich,1996a pt1 p48 pt2 p31."
H3PO4,H3PO4,Other technologically relevant materials,97.9952,200,1000,"L, cr",2,0.003,j12/71,"Crystal,Phosphoric acid. Chase,1998 p1345-7."
Mercury,Hg,Metals and alloys,200.59,100,2000,"L, cr",3,0.339,j12/61,"Tetragonal. Ref-Elm. Chase,1998 pp1373-4."
HgBr2,HgBr2,Other technologically relevant materials,360.398,298.15,6000,"L, cr",2,0.167,g12/00,"Chase,1998 p482 3/62. Pankratz,1984 p302."
HgO,HgO,Other technologically relevant materials,216.5894,200,1000,cr,2,0.054,j,"Chase,1998 p1382."
I2,I2,Other technologically relevant materials,253.8089,200,6000,"L, cr",2,0.545,tpis89,"Rhombic. Ref-Elm. Gurvich,1989 pt1 p219 pt2 p315."
Indium,In,Metals and alloys,114.818,100,6000,"L, cr",2,3.143,tpis96,"Tetragonal. Ref-Elm. Gurvich,1996a pt1 255 pt2 p207."
InBr3,InBr3,Other technologically relevant materials,354.53,298.15,6000,"L, cr",2,0,tpis96,"Gurvich,1996a pt1 p292 pt2 p235."
InCL,InCL,Other technologically relevant materials,150.271,298.15,6000,"L, crI, crII",3,0,tpis96,"Cubic Gurvich,1996a pt1 p280 pt2 p224."
InCl3,InCl3,Other technologically relevant materials,221.177,298.15,6000,"L, cr",2,0,tpis96,"Monoclinic Gurvich,1996a pt1 p284 pt2 p227."
InF3,InF3,Other technologically relevant materials,171.8132,298.15,6000,"L, cr",2,0,tpis96,"Hexagonal Gurvich,1996a pt1 p274 pt2 p219."
InI3,InI3,Other technologically relevant materials,495.5314,296,6000,"L, cr",2,0,tpis96,"Monoclinic Gurvich,1996a pt1 p301 pt2 p244."
In2O3,In2O3,Ceramics,277.6342,200,6000,"L, cr",3,1.129,tpis96,"Cubic. Gurvich,1996a pt1 p267 pt2 p214."
Potassium,K,Metals and alloys,39.0983,200,2200,"L, cr",2,0.439,coda89,"Cubic. Ref-Elm. Cox,1989 p257."
KALO2,KALO2,Ceramics,98.0786,200,6000,"I, II, L",4,0.335,tpis82,"Cubic Gurvich,1982 pt1 p416 pt2 p440."
KBO2,KBO2,Ceramics,81.9081,200,6000,"L, cr",3,1.782,tpis82,"Hexagonal. Gurvich,1982 pt1 p414 pt2 p438."
KBr,KBr,Other technologically relevant materials,119.0023,200,6000,"L, cr",3,0.902,tpis82,"Cubic. Gurvich,1982 pt1 p394 pt2 p422."
KCN,KCN,Other technologically relevant materials,65.1157,168.3,6000,"II, L",3,0.126,j,"Chase,1998 pp617-9."
KCL,KCL,Other technologically relevant materials,74.5513,200,6000,"L, cr",3,0.123,tpis82,"Cubic. Gurvich,1982 pt1 p390 pt2 p419."
KF,KF,Other technologically relevant materials,58.0967,200,6000,"L, cr",3,0.995,tpis82,"Cubic. Gurvich,1982 pt1 p387 pt2 p416."
KH,KH,Other technologically relevant materials,40.1062,298.15,6000,"L, cr",2,0.679,tpis82,"Cubic. Gurvich,1982 pt1 p381 pt2 p411."
KI,KI,Other technologically relevant materials,166.0028,200,6000,"L, cr",3,0.406,tpis82,"Cubic. Gurvich,1982 pt1 p398 pt2 p425."
KNO2,KNO2,Other technologically relevant materials,85.1038,200,6000,"I, II, L",4,0.612,tpis82,"Hexagonal. Gurvich,1982 pt1 p404 pt2 p430."
KNO3,KNO3,Other technologically relevant materials,101.1032,200,6000,"L, a, b",3,0.425,tpis82,"Rhombic. Gurvich,1982 pt1 p407 pt2 p432."
KOH,KOH,Other technologically relevant materials,56.1056,100,6000,"L, a, b, c",5,2.914,g,"Alpha,beta. Gurvich,1997 p1031."
KO2,KO2,Other technologically relevant materials,71.0971,200,6000,"L, a, b",3,3.004,tpis82,"Tetragonal. Gurvich,1982 pt1 p375 pt2 p405."
K2CO3,K2CO3,Other technologically relevant materials,138.2055,200,6000,"L, a, b",3,0.097,tpis82,"Monoclinic. Gurvich,1982 pt1 p410 pt2 p434."
K2O,K2O,Other technologically relevant materials,94.196,298.15,6000,"L, a, b, c",4,0,tpis82,"III Cubic. Gurvich,1982 pt1 p377 pt2 p406."
K2O2,K2O2,Other technologically relevant materials,110.1954,298.15,6000,"L, cr",2,0,tpis82,"Rhombic. Gurvich,1982 pt1 p379 pt2 p409."
K2S,K2S,Other technologically relevant materials,110.2616,298.15,6000,"L, cr",6,2.322,j,"Below lambda. Chase,1998 pp1486-8."
K2SO4,K2SO4,Other technologically relevant materials,174.2592,200,6000,"I, II, L",4,0.728,tpis82,"Rhombic. Gurvich,1982 pt1 p402 pt2 p428."
K2SiO3,K2SiO3,Ceramics,154.2803,200,6000,"L, cr",3,0.501,tpis82,"Rhombic. Gurvich,1982 pt1 p412 pt2 p436."
K2Si2O5,K2Si2O5,Ceramics,214.3646,200,6000,"L, a, b, c",4,0.46,tpis82,"III. Gurvich,1982 pt1 p413 pt2 p437."
K3ALF6,K3ALF6,Other technologically relevant materials,258.2669,298.15,6000,"I, II, L",3,0,tpis82,"Tetragonal. Gurvich,1982 pt1 p418 pt2 p442."
Lithium,Li,Metals and alloys,6.941,200,6000,"L, cr",3,1.272,tpis82,"Crystal. Ref-Elm. Gurvich,1982 pt1 p245 pt2 p286."
LiALO2,LiALO2,Ceramics,65.9213,200,6000,"L, cr",3,0.755,j12/79,"Chase,1998 pp126-8."
LiBO2,LiBO2,Ceramics,49.7508,200,6000,"L, cr",3,0.701,tpis82,"Monoclinic. Gurvich,1982 pt1 p298 pt2 p331."
LiBr,LiBr,Other technologically relevant materials,86.845,200,6000,"L, cr",3,0.36,tpis82,"Cubic. Gurvich,1982 pt1 p284 pt2 p317."
LiCL,LiCL,Other technologically relevant materials,42.394,200,6000,"L, cr",3,0.816,tpis82,"Cubic. Gurvich,1982 pt1 p279 pt2 p313."
LiF,LiF,Other technologically relevant materials,25.9394,200,6000,"L, cr",3,0.241,tpis82,"Cubic. Gurvich,1982 pt1 p273 pt2 p309."
LiH,LiH,Other technologically relevant materials,7.9489,200,6000,"L, cr",3,1.449,tpis82,"Cubic. Gurvich,1982 pt1 p263 pt2 p300."
LiI,LiI,Other technologically relevant materials,133.8455,200,6000,"L, cr",3,0.378,tpis82,"Cubic. Gurvich,1982 pt1 p287 pt2 p321."
LiNO2,LiNO2,Other technologically relevant materials,52.9465,298.15,6000,"I, II, L",3,0,tpis82,"Crystal. Gurvich,1982 pt1 p292 pt2 p326."
LiNO3,LiNO3,Other technologically relevant materials,68.9459,298.15,6000,"L, cr",2,0,tpis82,"Hexagonal. Gurvich,1982 pt1 p294 pt2 p328."
LiOH,LiOH,Other technologically relevant materials,23.9483,200,6000,"L, cr",2,2.215,g,"Tetragonal. Gurvich,1996b."
Li2CO3,Li2CO3,Other technologically relevant materials,73.8909,200,6000,"L, cr",3,3.538,tpis82,"Monoclinic. Gurvich,1982 pt1 p297 pt2 p330."
Li2O,Li2O,Other technologically relevant materials,29.8814,200,6000,"L, cr",3,1.318,tpis82,"Cubic. Gurvich,1982 pt1 p257 pt2 p295."
Li2O2,Li2O2,Other technologically relevant materials,45.8808,298.15,1000,cr,1,0,tpis82,"Hexagonal. Gurvich,1982 pt1 p261 pt2 p298."
Li2SO4,Li2SO4,Other technologically relevant materials,109.9446,200,6000,"L, a, b",4,0.967,tpis82,"Alpha. Gurvich,1982 pt1 p291 pt2 p325."
Li3ALF6,Li3ALF6,Other technologically relevant materials,161.795,200,6000,"I, II, III, IV, L",6,0.355,tpis82,"Rhombic. Gurvich,1982 pt1 p301 pt2 p334."
Li3N,Li3N,Other technologically relevant materials,34.8297,200,1300,cr,2,1.957,j,"Chase,1998 p1526."
Magnesium,Mg,Metals and alloys,24.305,100,6000,"L, cr",3,1.211,srd,"Hexagonal. Ref-Elm. Alcock,1993."
MgAL2O4,MgAL2O4,Refractories,142.2657,200,6000,"L, cr",3,1.915,j12/79,"Crystal. Chase,1998 pp147-9."
MgBr2,MgBr2,Other technologically relevant materials,184.113,298.15,6000,"L, cr",2,0.473,tpis96,"Hexagonal. Gurvich,1996a pt1 p418 pt2 p332."
MgCO3,MgCO3,Other technologically relevant materials,84.3139,200,6000,"L, cr",3,0.697,tpis96,"Hexagonal. Gurvich,1996a pt1 p429 pt2 p341."
MgCL2,MgCL2,Other technologically relevant materials,95.211,200,6000,"L, cr",3,1.142,tpis96,"Hexagonal. Gurvich,1996a pt1 p413 pt2 p329."
MgF2,MgF2,Other technologically relevant materials,62.3018,200,6000,"L, cr",3,1.55,tpis96,"Tetragonal. Gurvich,1996a pt1 p410 pt2 p326."
MgH2,MgH2,Other technologically relevant materials,26.3209,200,6000,"L, b",4,1.232,tpis96,"Beta,tetragonal. Gurvich,1996a pt1 p402 pt2 p321."
MgI2,MgI2,Other technologically relevant materials,278.1139,298.15,6000,"L, cr",2,0,tpis96,"Hexagonal. Gurvich,1996a pt1 p422 pt2 p335."
MgO,MgO,Refractories,40.3044,200,6000,"L, cr",3,1.553,tpis96,"Cubic Gurvich,1996a pt1 p397 pt2 p317."
Mg(OH)2,Mg(OH)2,Other technologically relevant materials,58.3197,200,6000,"L, cr",3,1.29,tpis96,"Hexagonal. Gurvich,1996a pt1 p405 pt2 p323."
MgS,MgS,Other technologically relevant materials,56.37,200,6000,"L, cr",3,0.351,tpis96,"Cubic. Gurvich,1996a pt1 p424 pt2 p337."
MgSO4,MgSO4,Other technologically relevant materials,120.3676,200,6000,"I, II, L",4,1.069,tpis96,"CrII,rhombic. Gurvich,1996a pt1 p426 pt2 p339."
MgSiO3,MgSiO3,Refractories,100.3887,200,6000,"I, II, III, L",4,3.577,j12/67,"Chase,1998 pp1540-2."
MgTiO3,MgTiO3,Ceramics,120.1702,200,6000,"L, cr",3,1.239,j,"Chase,1998 pp1543-5."
MgTi2O5,MgTi2O5,Ceramics,200.036,200,6000,"L, cr",3,2.38,g11/00,"Todd,1952. Chase,1998 pp1550-1552 6/67."
Mg2SiO4,Mg2SiO4,Refractories,140.6931,200,6000,"L, cr",3,1.767,g11/00,"Chase,1998 pp1556-8 12/67."
Mg2TiO4,Mg2TiO4,Ceramics,160.4746,200,6000,"L, cr",3,2.734,g11/00,"Chase,1998 pp1559-61 6/67."
Mg3N2,Mg3N2,Ceramics,100.9284,298.15,6000,cr,4,2.002,tpis96,"Cubic. Gurvich,1996a pt1 p427 pt2 p340."
Manganese,Mn,Metals and alloys,54.938,200,6000,"L, a, b, c, d",5,1.35,j,"Alpha. Ref-Elm. Chase,1998 pp1571-4."
Molybdenum,Mo,Metals and alloys,95.94,200,6000,"L, cr",4,2.314,j,"Crystal. Ref-Elm. Chase,1998 pp1577-80."
MoO2,MoO2,Ceramics,127.9388,200,6000,cr,2,3.537,tpis82,"Monoclinic. Gurvich,1982 pt1 p27 pt2 p32."
MoO3,MoO3,Ceramics,143.9382,200,6000,"L, cr",3,1.67,tpis82,"Rhombic. Gurvich,1982 pt1 p30 pt2 p34."
NH4CL,NH4CL,Other technologically relevant materials,53.4915,298.15,1500,"II, III",3,0.288,j,"Chase,1998 p765."
NH4F,NH4F,Other technologically relevant materials,37.0369,200,6000,"L, cr",3,0.06,tpis89,"Hexagonal. Gurvich,1989 pt1 p388 pt2 p324."
Sodium,Na,Metals and alloys,22.9898,200,2300,"L, cr",2,0.198,coda89,"Cubic. Ref-Elm. Cox,1989 p254."
NaALO2,NaALO2,Ceramics,81.9701,200,3000,"a, b",2,1.226,j,"Alpha.Chase,1998 p131."
NaBO2,NaBO2,Ceramics,65.7996,200,6000,"L, cr",3,0.052,tpis82,"Hexagonal. Gurvich,1982 pt1 p357 pt2 p391."
NaBr,NaBr,Other technologically relevant materials,102.8938,200,6000,"L, cr",3,0.396,tpis82,"Cubic. Gurvich,1982 pt1 p340 pt2 p378."
NaCN,NaCN,Other technologically relevant materials,49.0072,197.7,6000,"II, III, L",10,0.526,g,"Lambda trans@288.5K. Chase,1998(3/66) pp631-3. Messer,1941."
NaCL,NaCL,Other technologically relevant materials,58.4428,200,6000,"L, cr",3,0.34,tpis82,"Cubic. Gurvich,1982 pt1 p335 pt2 p374."
NaF,NaF,Other technologically relevant materials,41.9882,200,6000,"L, cr",3,1.423,tpis82,"Cubic. Gurvich,1982 pt1 p330 pt2 p370."
NaH,NaH,Other technologically relevant materials,23.9977,200,6000,"L, cr",3,0.092,tpis82,"Cubic. Gurvich,1982 pt1 p324 pt2 p365."
NaI,NaI,Other technologically relevant materials,149.8942,200,6000,"L, cr",3,0.402,tpis82,"Cubic. Gurvich,1982 pt1 p343 pt2 p381."
NaNO2,NaNO2,Other technologically relevant materials,68.9953,298.15,6000,"I, I', L",4,0.059,tpis82,"Rhombic. Gurvich,1982 pt1 p350 pt2 p386."
NaNO3,NaNO3,Other technologically relevant materials,84.9947,200,6000,"L, a, b",4,3.227,tpis82,"Hexagonal. Gurvich,1982 pt1 p353 pt2 p388."
NaOH,NaOH,Other technologically relevant materials,39.9971,100,6000,"L, a, b, c",6,0.651,g,"Alpha. Gurvich,1996b."
NaO2,NaO2,Other technologically relevant materials,54.9886,223.3,6000,"L, cr",2,0,g10/99,"Cubic. Gurvich,1982 pt1 p319 pt2 p359.Chase,1998 p1646 6/63."
Na2CO3,Na2CO3,Other technologically relevant materials,105.9884,200,6000,"L, a, b, c",4,2.18,tpis82,"Alpha,monoclinic. Gurvich,1982 pt1 p356 pt2 p390."
Na2O,Na2O,Other technologically relevant materials,61.9789,200,6000,"L, a, b, c",5,0.275,tpis82,"Gamma. Gurvich,1982 pt1 p320 pt2 p360."
Na2O2,Na2O2,Other technologically relevant materials,77.9783,200,6000,"L, a, b",4,0.396,tpis82,"Beta. Gurvich,1982 pt1 p323 pt2 p363."
Na2S,Na2S,Other technologically relevant materials,78.0445,298.15,6000,"L, cr",4,2.405,j,"Below lambda trans. Chase,1998 pp1667-9."
Na2SO3,Na2SO3,Other technologically relevant materials,126.0427,298.15,6000,"L, cr",2,0,bar,"Crystal. Barin,1989 pt2 p1002."
Na2SO4,Na2SO4,Other technologically relevant materials,142.0421,200,6000,"I, IV, L, V",4,0.151,tpis82,"Rhombic. Gurvich,1982 pt1 p346 pt2 p384."
Na3ALF6,Na3ALF6,Other technologically relevant materials,209.9413,200,6000,"L, a, b",4,0.395,tpis82,"Monoclinic. Gurvich,1982 pt1 p361 pt2 p394."
Na5AL3F14,Na5AL3F14,Other technologically relevant materials,461.8711,200,6000,"L, cr",3,0.91,tpis82,"Tetragonal. Gurvich,1982 pt1 p362 pt2 p395."
Niobium,Nb,Metals and alloys,92.9064,200,6000,"L, cr",4,1.717,j12/73,"Crystal. Ref-Elm. Chase,1998 pp1675-8."
NbO,NbO,Ceramics,108.9058,298.15,6000,"L, cr",2,2.313,tpis82,"Cubic. Gurvich,1982 pt1 p75 pt2 p77."
NbO2,NbO2,Ceramics,124.9052,200,6000,"I, II, L",4,0.308,tpis82,"Tetragonal. Gurvich,1982 pt1 p78 pt2 p80."
Nb2O5,Nb2O5,Ceramics,265.8098,200,6000,"L, cr",3,1.406,tpis82,"Monoclinic. Gurvich,1982 pt1 p81 pt2 p82."
Nickel,Ni,Metals and alloys,58.6934,200,6000,"L, cr",7,3.233,j12/76,"Crystal Ref-Elm. <lambda trans 631K. Chase,1998 pp1697-700."
NiS,NiS,Other technologically relevant materials,90.7584,200,6000,"L, a, b",3,1.284,j12/76,"Beta. Chase,1998 pp1704-6."
NiS2,NiS2,Other technologically relevant materials,122.8234,298.15,6000,"L, cr",2,0.001,j,"Crystal. Chase,1998 pp1708-10."
Ni3S2,Ni3S2,Other technologically relevant materials,240.2102,200,6000,"L, a, b",3,1.166,g12/00,"Alpha. Pankratz,1987 p225-6. Chase,1998 pp1711-3 12/83."
Ni3S4,Ni3S4,Other technologically relevant materials,304.3402,298.15,1100,cr,1,0,j,"Crystal. Chase,1998 p1714."
Phosphorus,P,Semiconductors,30.9738,195.4,6000,"L, cr",2,0.086,tpis89,"White. Ref-Elm. Gurvich,1989 pt1 p395 pt2 p326. Chase,1998a."
P4O10,P4O10,Other technologically relevant materials,283.889,100,6000,"L, cr",3,1.312,tpis89,"Crystal. Gurvich,1989 pt1 p417 pt2 p270."
Lead,Pb,Metals and alloys,207.2,200,3600,"L, cr",2,0.496,tpis91,"Cubic. Ref-Elm. Gurvich,1991 pt1 p400 pt2 p337."
PbBr2,PbBr2,Other technologically relevant materials,367.008,100,6000,"L, cr",3,0.126,tpis91,"Rhombic Crystal. Gurvich,1991 pt1 p435 pt2 p361."
PbCL2,PbCL2,Other technologically relevant materials,278.106,200,6000,"L, cr",2,1.061,tpis91,"Rhombic Crystal. Gurvich,1991 pt1 p428 pt2 p356."
PbF2,PbF2,Other technologically relevant materials,245.1968,298.15,6000,"I, II, L",4,0.723,tpis91,"Rhombic Crystal(II). Gurvich,1991 pt1 p421 pt2 p351."
PbI2,PbI2,Other technologically relevant materials,461.0089,100,6000,"L, cr",3,0.332,tpis91,"Hexagonal Crystal. Gurvich,1991 pt1 p441 pt2 p366."
PbO,PbO,Ceramics,223.1994,100,6000,"I-y, II-r, L",4,0.035,tpis91,"Tetragonal (II-red).Gurvich,1991 pt1 p409 pt2 p343."
PbO2,PbO2,Ceramics,239.1988,100,1000,cr,2,2.302,tpis91,"Tetragonal. Gurvich,1991 pt1 p415 p52 p346."
PbS,PbS,Other technologically relevant materials,239.265,100,6000,"L, cr",3,1.649,tpis91,"Cubic. Gurvich,1991 pt1 p445 p52 p370."
Pb2O3,Pb2O3,Ceramics,462.3982,100,1000,cr,2,1.666,tpis91,"Monoclinic. Gurvich,1991 pt1 p417 pt2 p348."
Pb3O4,Pb3O4,Ceramics,685.5976,200,1000,cr,3,3.455,tpis91,"Tetragonal. Gurvich,1991 pt1 p418 pt2 p349."
Rubidium,Rb,Metals and alloys,85.4678,100,2100,"L, cr",3,0.982,coda89,"Cubic. Ref-Elm. Cox,1989 p260. Chase,1998a p1849 12/83."
RbBO2,RbBO2,Ceramics,128.2776,200,6000,"L, a, b",4,0.983,tpis82,"Gurvich,1982 pt1 p458 pt2 p482."
RbBr,RbBr,Other technologically relevant materials,165.3718,200,6000,"L, cr",2,0.152,tpis82,"Cubic. Gurvich,1982 pt1 p445 pt2 p469."
RbCL,RbCL,Other technologically relevant materials,120.9208,200,6000,"L, cr",2,1.188,tpis82,"Cubic. Gurvich,1982 pt1 p441 pt2 p466."
RbF,RbF,Other technologically relevant materials,104.4662,298.15,6000,"L, cr",2,0.071,tpis82,"Cubic. Gurvich,1982 pt1 p438 pt2 p463."
RbH,RbH,Other technologically relevant materials,86.4757,298.15,6000,"L, cr",2,0.577,tpis82,"Cubic. Gurvich,1982 pt1 p434 pt2 p458."
RbI,RbI,Other technologically relevant materials,212.3723,200,6000,"L, cr",2,1.048,tpis82,"Cubic. Gurvich,1982 pt1 p448 pt2 p472."
RbNO2,RbNO2,Other technologically relevant materials,131.4733,298.15,6000,"I, L",2,0,tpis82,"Cubic. Gurvich,1982 pt1 p453 pt2 p477."
RbNO3,RbNO3,Other technologically relevant materials,147.4727,200,6000,"I, II, III, IV, L",5,2.834,tpis82,"Hexagonal. Gurvich,1982 pt1 p455 pt2 p479."
RbOH,RbOH,Other technologically relevant materials,102.4751,298.15,6000,"L, b, c",3,0,g,"Beta. Gurvich,1997."
RbO2,RbO2,Other technologically relevant materials,117.4666,200,6000,"L, a, b",3,0.278,tpis82,"Beta,hexagonal. Gurvich,1982 pt1 p430 pt2 p453."
Rb2CO3,Rb2CO3,Other technologically relevant materials,230.9445,200,6000,"L, a, b",3,0.212,tpis82,"Alpha,monoclinic. Gurvich,1982 pt1 p457 pt2 p481."
Rb2O,Rb2O,Other technologically relevant materials,186.935,298.15,6000,"L, a, b, c",4,0,tpis82,"Gamma,cubic. Gurvich,1982 pt1 p431 pt2 p454."
Rb2O2,Rb2O2,Other technologically relevant materials,202.9344,298.15,6000,"L, a, b",3,0,tpis82,"Beta,rhombic Gurvich,1982 pt1 p433 pt2 p456."
Rb2SO4,Rb2SO4,Other technologically relevant materials,266.9982,200,6000,"L, a, b",5,0.49,tpis82,"Alpha,rhombic. Gurvich,1982 pt1 p451 pt2 p475."
Sulfur,S,Other technologically relevant materials,32.065,200,6000,"L, a, b",7,0.399,tpis89,"Alpha. Ref-Elm. Gurvich,1989 pt1 p265 pt2 p160."
Scandium,Sc,Metals and alloys,44.9559,100,6000,"L, a, b",4,2.48,tpis82,"Alpha. Ref-Elm. Gurvich,1982 pt1 p137 pt2 p138."
Sc2O3,Sc2O3,Ceramics,137.91,200,6000,"L, cr",3,1.209,tpis82,"Cubic. Gurvich,1982 pt1 p145 pt2 p150."
Silicon,Si,Semiconductors,28.0855,200,6000,"L, cr",3,3.96,tpis91,"Cubic. Ref-Elm. Gurvich,1991 pt1 p236 pt2 p220."
SiC,SiC,Ceramics,40.0962,100,6000,"L, b",5,2.557,tpis91,"Beta,cubic. Gurvich,1991 pt1 p298 pt2 p264."
SiO2,SiO2,Refractories,60.0843,200,6000,"L, a-qz, b-crt, b-qz",4,2.233,tpis91,"Alpha-quartz,hexagonal. Gurvich,1991 pt1 p250 pt2 p228."
SiS,SiS,Ceramics,60.1505,298.15,6000,"L, cr",2,0,tpis91,"Crystal. Gurvich,1991 pt1 p289 pt2 p257."
SiS2,SiS2,Ceramics,92.2155,100,6000,"L, cr",3,1.717,tpis91,"Tetragonal. Gurvich,1991 pt1 p293 pt2 p259."
Si2N2O,Si2N2O,Ceramics,100.1838,298.15,2500,cr,3,2.966,g,"Fegley,1981."
Si3N4,Si3N4,Refractories,140.2833,100,4000,cr,4,2.673,tpis91,"Hexagonal. Gurvich,1991 pt1 p297 pt2 p262."
Tin,Sn,Metals and alloys,118.71,200,4700,"L, cr",2,3.164,tpis91,"CrI,tetragonal. Ref-Elm. Gurvich,1991 pt1 p350 pt2 p300."
SnBr2,SnBr2,Other technologically relevant materials,278.518,100,6000,"L, cr",4,0.572,tpis91,"Rhombic. Gurvich,1991 pt1 p379 pt2 p322."
SnBr4,SnBr4,Other technologically relevant materials,438.326,200,6000,"L, cr",3,0.95,tpis91,"Monoclinic. Gurvich,1991 pt1 p382 pt2 p325."
SnCL2,SnCL2,Other technologically relevant materials,189.616,200,6000,"L, cr",2,0.308,tpis91,"Rhombic. Gurvich,1991 pt1 p372 pt2 p316."
SnCL4,SnCL4,Other technologically relevant materials,260.522,239.05,6000,L,2,0,tpis91,"Liquid. Gurvich,1991 pt1 p375 pt2 p319."
SnF2,SnF2,Other technologically relevant materials,156.7068,298.15,6000,"L, cr",2,0,tpis91,"Monoclinic. Gurvich,1991 pt1 p367 pt2 p311."
SnI2,SnI2,Other technologically relevant materials,372.5189,200,6000,"L, cr",3,0.444,tpis91,"Monoclinic. Gurvich,1991 pt1 p386 pt2 p328."
SnI4,SnI4,Other technologically relevant materials,626.3279,200,6000,"L, cr",3,0.322,tpis91,"Cubic. Gurvich,1991 pt1 p389 pt2 p331"
SnO,SnO,Ceramics,134.7094,100,6000,"L, cr",3,0,tpis91,"Tetragonal. Gurvich,1991 pt1 p356 pt2 p306."
SnO2,SnO2,Other technologically relevant materials,150.7088,100,6000,"L, cr",4,3.42,tpis91,"Tetragonal. Gurvich,1991 pt1 p361 pt2 p308."
SnS,SnS,Other technologically relevant materials,150.775,100,6000,"L, cr",4,1.515,tpis91,"Rhombic. Gurvich,1991 pt1 p392 pt2 p333."
SnS2,SnS2,Other technologically relevant materials,182.84,100,1143,cr,2,2.644,tpis91,"Hexagonal. Gurvich,1991 pt1 p396 pt2 p335."
Strontium,Sr,Metals and alloys,87.62,100,6000,"L, a, b",4,0.04,srd,"Alpha. Ref-Elm. Alcock,1993."
SrBr2,SrBr2,Other technologically relevant materials,247.428,200,6000,"L, a, b",3,0.536,tpis96,"Alpha,tetragonal. Gurvich,1996a pt1 p523 pt2 p403."
SrCO3,SrCO3,Other technologically relevant materials,147.6289,200,6000,"L, a, b, c",5,2.105,tpis96,"Alpha,rhombic. Gurvich,1996a pt1 p532 pt2 p411."
SrCL2,SrCL2,Other technologically relevant materials,158.526,200,6000,"L, a, b",5,1.635,tpis96,"Alpha,cubic. Gurvich,1996a pt1 p518 pt2 p400."
SrF2,SrF2,Other technologically relevant materials,125.6168,200,6000,"L, a, b",4,1.335,tpis96,"Alpha,cubic. Gurvich,1996a pt1 p513 pt2 p396."
SrH2,SrH2,Other technologically relevant materials,89.6359,298,6000,"L, a, b",3,0,tpis96,"Alpha,rhombic. Gurvich,1996a pt1 p501 pt2 p389."
SrI2,SrI2,Other technologically relevant materials,341.4289,200,6000,"L, cr",2,0.437,tpis96,"Rhombic. Gurvich,1996a pt1 p527 pt2 p406."
SrO,SrO,Other technologically relevant materials,103.6194,200,6000,"L, cr",4,0.808,tpis96,"Cubic. Gurvich,1996a pt1 p494 pt2 p383."
Sr(OH)2,Sr(OH)2,Other technologically relevant materials,121.6347,200,6000,"L, a, b",3,0.875,tpis96,"Beta,tetragonal. Gurvich,1996a pt1 p505 pt2 p392."
SrS,SrS,Other technologically relevant materials,119.685,200,6000,"L, cr",3,0.297,tpis96,"Cubic. Gurvich,1996a pt1 p528 pt2 p408."
SrS04,SrS04,Other technologically relevant materials,183.6826,298.15,6000,"L, a, b",3,2.834,tpis96,"Alpha,Rhombic. Gurvich,1996a pt1 p531 pt2 p410."
Tantalum,Ta,Metals and alloys,180.9479,200,6000,"L, cr",4,1.162,j12/72,"Crystal. Ref-Elm. Chase,1998 pp1899-1901."
TaC,TaC,Refractories,192.9586,200,6000,"L, cr",3,0.751,j12/73,"Chase,1998 pp652-4."
Ta2O5,Ta2O5,Ceramics,441.8928,200,6000,"I, II, L",4,0.46,tpis82,"Rhombic. Gurvich,1982 pt1 p91 pt2 p92."
Thorium,Th,Metals and alloys,232.0381,200,6000,"L, a, b",3,0.35,coda89,"Alpha. Ref-Elm. Cox,1989 p239."
Titanium,Ti,Metals and alloys,47.867,200,6000,"L, a, b",4,2.647,coda89,"Alpha. Ref-Elm. Cox,1989 p230."
TiB,TiB,Ceramics,58.678,298.15,4000,cr,2,3.759,j,"Crystal. Chase,1998. p258."
TiB2,TiB2,Refractories,69.489,200,6000,"L, cr",5,0.376,j,"Crystal. Chase,1998 pp276-8."
TiC,TiC,Refractories,59.8777,200,6000,"L, cr",3,2.894,j,"Chase,1998 p655-7"
TiCL2,TiCL2,Other technologically relevant materials,118.773,200,2000,cr,2,1.842,j12/68,"Chase,1998 p865."
TiCL3,TiCL3,Other technologically relevant materials,154.226,298.15,1500,cr,1,0.092,j12/68,"Chase,1998 p886."
TiCL4,TiCL4,Other technologically relevant materials,189.679,249.05,2000,L,2,0.08,j12/67,"Chase,1998 p904."
TiN,TiN,Refractories,61.8737,200,6000,"L, cr",3,0.526,j,"Chase,1998 pp1612-4."
TiO,TiO,Ceramics,63.8664,200,6000,"L, a, b, c",5,2.368,tpis82,"Alpha,monoclinic. Gurvich,1982 pt1 p98 pt2 p99."
TiO2,TiO2,Refractories,79.8658,200,6000,"L, cr",5,0.824,tpis82,"Rutile,tetragonal. Gurvich,1982 pt1 p105 pt2 p105."
Ti2O3,Ti2O3,Ceramics,143.7322,200,6000,"I, I', L",5,1.388,tpis82,"Hexagonal. Gurvich,1982 pt1 p109 pt2 p108."
Ti3O5,Ti3O5,Ceramics,223.598,200,6000,"L, a, b",4,1.842,tpis82,"Alpha,monoclinic. Gurvich,1982 pt1 p111 pt2 p110."
Ti4O7,Ti4O7,Ceramics,303.4638,200,6000,"L, cr",3,0.507,tpis82,"Triclinic. Gurvich,1982 pt1 p112 pt2 p111."
Uranium,U,Metals and alloys,238.0289,200,4000,"L, a, b, c",4,0.289,coda89,"Alpha. Ref-Elm. Cox,1989 p234."
UF3,UF3,Other technologically relevant materials,295.0241,298.15,6000,"L, cr",2,2.094,tpis82,"Hexagonal. Gurvich,1982 pt1 p209 pt2 p236."
UF4,UF4,Other technologically relevant materials,314.0225,200,6000,"L, cr",3,0.283,tpis82,"Monoclinic. Gurvich,1982 pt1 p212 pt2 p243."
UF5,UF5,Other technologically relevant materials,333.0209,298.15,6000,"L, a, b",3,0.002,tpis82,"Beta,tetragonal. Gurvich,1982 pt1 p217 pt2 p250."
UF6,UF6,Other technologically relevant materials,352.0193,100,1000,"L, cr",2,0.214,tpis82,"Rhombic. Gurvich,1982 pt1 p222 pt2 p532."
UO2,UO2,Refractories,270.0277,200,6000,"L, cr",3,2.195,tpis82,"Cubic. Gurvich,1982 pt1 p190 pt2 p209."
UO2F2,UO2F2,Other technologically relevant materials,308.0245,200,2100,cr,2,0.336,tpis82,"Hexagonal. Gurvich,1982 pt1 p227 pt2 p262."
UO3,UO3,Ceramics,286.0271,200,3000,c,2,1.298,tpis82,"Gamma,monoclinic. Gurvich,1982 pt1 p195 pt2 p217."
U3O8,U3O8,Ceramics,842.0819,200,6000,"I, II",3,0.284,tpis82,"Rhombic. Gurvich,1982 pt1 p199 pt2 p222."
U4O9,U4O9,Ceramics,1096.1102,298.15,6000,"I, II, III",4,1.063,tpis82,"Cubic. Gurvich,1982 pt1 p201 pt2 p223."
Vanadium,V,Metals and alloys,50.9415,200,6000,"L, cr",4,0.344,j,"Crystal. Ref-Elm. Chase,1998 p1917."
VCL2,VCL2,Other technologically relevant materials,121.8475,298,1300,cr,1,0.516,g10/00,"Pankratz,1984."
VCL3,VCL3,Other technologically relevant materials,157.3005,298,1000,cr,1,0.678,g,"Pankratz,1984."
VN,VN,Ceramics,64.9482,200,3500,cr,2,1.985,j12/73,"Chase,1998 p1635."
VO,VO,Ceramics,66.9409,200,6000,"L, cr",5,1.287,tpis82,"Cubic Gurvich,1982 pt1 p60 pt2 p63."
V2O3,V2O3,Ceramics,149.8812,200,6000,"L, cr",3,2.506,tpis82,"Hexagonal. Gurvich,1982 pt1 p65 pt2 p67."
V2O4,V2O4,Ceramics,165.8806,200,6000,"I, II, L",3,2.927,tpis82,"Monoclinic. Gurvich,1982 pt1 p67 pt2 p68."
V2O5,V2O5,Ceramics,181.88,200,6000,"L, cr",3,0.449,tpis82,"Rhombic. Gurvich,1982 pt1 p68 pt2 p69."
Tungsten,W,Metals and alloys,183.84,200,6000,"L, cr",5,2.355,j,"Crystal. Ref-Elm. Chase,1998 pp1925-8."
WC,WC,Refractories,195.8507,298.15,2500,cr,2,3.489,bar,"Hf:Wagman,1982 p203. Barin,1989 pt2 p1642."
WCL6,WCL6,Other technologically relevant materials,396.558,298.15,6000,"I, II, III, L",4,0,j12/66,"Alpha1. Chase,1998 pp931-4."
WOCL4,WOCL4,Other technologically relevant materials,341.6514,298.15,6000,"L, cr",2,0,j,"Crystal. Chase,1998 pp897-9."
WO2,WO2,Ceramics,215.8388,100,6000,cr,5,3.203,tpis82,"Gurvich,1982 pt1 p46 pt2 p49."
WO2CL2,WO2CL2,Other technologically relevant materials,286.7448,298.15,1000,cr,1,0.398,j,"Chase,1998 p848."
WO3,WO3,Ceramics,231.8382,100,6000,"I, III, III,II, L",5,2.678,tpis82,"Gurvich,1982 pt1 p49 pt2 p51."
Zinc,Zn,Metals and alloys,65.39,200,6000,"L, cr",2,0.342,coda89,"Crystal. Ref-Elm. Cox,1989 p221."
ZnSO4,ZnSO4,Other technologically relevant materials,161.4526,200,6000,"a, a', b",3,0.302,j,"Alpha. Chase,1998 p1788."
Zirconium,Zr,Metals and alloys,91.224,200,6000,"L, a, b",3,1.533,j,"Alpha. Ref-Elm. Chase,1998 pp1943-7."
ZrC,ZrC,Refractories,103.2347,200,6000,"L, cr",3,1.731,j12/64,"Crystal. Chase,1998 pp658-60."
ZrN,ZrN,Refractories,105.2307,200,6000,"L, cr",3,2.231,g11/00,"Chase,1998 pp1617-9 6/61."
ZrO2,ZrO2,Refractories,123.2228,200,6000,"I, II, III, L",5,0.731,tpis82,"Monoclinic. Gurvich,1982 pt1 p123 pt2 p122."
